date,realReturn
1871.01,93.48
1871.02,92.38
1871.03,93.69
1871.04,100.44
1871.05,105.85
1871.06,107.11
1871.07,105.59
1871.08,109.13
1871.09,108.17
1871.1,101.48
1871.11,103.06
1871.12,103.38
1872.01,106.48
1872.02,107.4
1872.03,109.77
1872.04,110.85
1872.05,111.34
1872.06,111.58
1872.07,113.09
1872.08,111.46
1872.09,109.2
1872.1,112.65
1872.11,109.49
1872.12,114.36
1873.01,115.83
1873.02,114.78
1873.03,114.46
1873.04,113.47
1873.05,116.8
1873.06,119.3
1873.07,119.69
1873.08,120.33
1873.09,111.78
1873.1,105.09
1873.11,105.28
1873.12,113.18
1874.01,118.18
1874.02,122.43
1874.03,121.35
1874.04,120.57
1874.05,119.08
1874.06,122.16
1874.07,121.93
1874.08,123.95
1874.09,126.65
1874.1,129.23
1874.11,132.23
1874.12,132.16
1875.01,132.96
1875.02,133.46
1875.03,136.02
1875.04,137.45
1875.05,136.26
1875.06,136.61
1875.07,137.74
1875.08,138
1875.09,138.72
1875.1,137.31
1875.11,141.56
1875.12,143.6
1876.01,148.68
1876.02,151.51
1876.03,152.01
1876.04,148.43
1876.05,149.09
1876.06,153.12
1876.07,152.2
1876.08,145.45
1876.09,136.22
1876.1,133.92
1876.11,131.09
1876.12,128.95
1877.01,126.5
1877.02,123.06
1877.03,123.13
1877.04,111.91
1877.05,110.71
1877.06,109.43
1877.07,113.95
1877.08,127.47
1877.09,137.5
1877.1,141.21
1877.11,142.58
1877.12,142.84
1878.01,147.97
1878.02,147.01
1878.03,153.71
1878.04,160.43
1878.05,167.04
1878.06,175.21
1878.07,177.58
1878.08,174.86
1878.09,179.18
1878.1,179.91
1878.11,182.22
1878.12,186.19
1879.01,191.79
1879.02,197.31
1879.03,197.18
1879.04,206.88
1879.05,217.07
1879.06,221.62
1879.07,224.35
1879.08,226.91
1879.09,228.22
1879.1,240.47
1879.11,241.33
1879.12,234.55
1880.01,237.44
1880.02,242.43
1880.03,245.59
1880.04,250.33
1880.05,238.43
1880.06,245.35
1880.07,257.62
1880.08,267.9
1880.09,265.7
1880.1,274.46
1880.11,287.05
1880.12,296.92
1881.01,319.03
1881.02,315.97
1881.03,320.73
1881.04,317.72
1881.05,336.57
1881.06,341.96
1881.07,328.01
1881.08,315.31
1881.09,307.21
1881.1,300.76
1881.11,306.84
1881.12,299.24
1882.01,296.08
1882.02,288.22
1882.03,289.05
1882.04,287.72
1882.05,282.97
1882.06,280.25
1882.07,300.06
1882.08,307.6
1882.09,320.58
1882.1,316.14
1882.11,306.86
1882.12,312.8
1883.01,312.63
1883.02,304.18
1883.03,312.31
1883.04,323.37
1883.05,322.45
1883.06,336.56
1883.07,339.72
1883.08,325.92
1883.09,334.54
1883.1,327.12
1883.11,337.12
1883.12,328
1884.01,319.85
1884.02,330.18
1884.03,330.62
1884.04,324.01
1884.05,305.91
1884.06,295.16
1884.07,300.15
1884.08,320.76
1884.09,315.82
1884.1,310.71
1884.11,313.19
1884.12,317.95
1885.01,312.48
1885.02,320.21
1885.03,330.23
1885.04,327.47
1885.05,333.14
1885.06,341.4
1885.07,351.64
1885.08,373.08
1885.09,374.49
1885.1,397.92
1885.11,420.4
1885.12,409.05
1886.01,420.39
1886.02,430.07
1886.03,427.83
1886.04,428.83
1886.05,432.62
1886.06,459.84
1886.07,462.66
1886.08,461.99
1886.09,475.65
1886.1,489.34
1886.11,503.07
1886.12,485.63
1887.01,470.59
1887.02,463.28
1887.03,475.74
1887.04,488.25
1887.05,498.3
1887.06,491.38
1887.07,486.86
1887.08,470.74
1887.09,472.06
1887.1,452.61
1887.11,457.66
1887.12,446.36
1888.01,446.37
1888.02,450.7
1888.03,435.37
1888.04,443.93
1888.05,457.09
1888.06,450
1888.07,458.01
1888.08,469.57
1888.09,482.95
1888.1,476.4
1888.11,462.94
1888.12,455.8
1889.01,483.01
1889.02,496.2
1889.03,493.63
1889.04,494.47
1889.05,522.38
1889.06,533.05
1889.07,524.06
1889.08,532.82
1889.09,540.8
1889.1,532.78
1889.11,529.66
1889.12,522.06
1890.01,542.99
1890.02,538.79
1890.03,536.59
1890.04,549.64
1890.05,567.86
1890.06,565.67
1890.07,563.48
1890.08,532.4
1890.09,519.17
1890.1,497.53
1890.11,474.25
1890.12,465.02
1891.01,497.13
1891.02,499.08
1891.03,485.93
1891.04,498.02
1891.05,503.78
1891.06,507.55
1891.07,507.28
1891.08,526.25
1891.09,578.04
1891.1,580.03
1891.11,580.57
1891.12,600.3
1892.01,629.38
1892.02,632.64
1892.03,658.78
1892.04,668.75
1892.05,671.03
1892.06,669.73
1892.07,654.37
1892.08,657.47
1892.09,643.38
1892.1,658.61
1892.11,641.92
1892.12,629.35
1893.01,619.82
1893.02,603.72
1893.03,598.26
1893.04,607.96
1893.05,563.44
1893.06,552.86
1893.07,517
1893.08,528.02
1893.09,545.79
1893.1,557.28
1893.11,583.68
1893.12,573.55
1894.01,580.2
1894.02,599.31
1894.03,637.8
1894.04,649.07
1894.05,627.69
1894.06,621.87
1894.07,611.68
1894.08,619.43
1894.09,623.06
1894.1,623.42
1894.11,625.97
1894.12,631.75
1895.01,626.96
1895.02,620.65
1895.03,623.18
1895.04,625.28
1895.05,652.96
1895.06,659.04
1895.07,673.26
1895.08,695.1
1895.09,701.81
1895.1,693.97
1895.11,672.93
1895.12,644.62
1896.01,648.64
1896.02,688.2
1896.03,679.79
1896.04,698.54
1896.05,708.24
1896.06,708.42
1896.07,665.02
1896.08,629.67
1896.09,665.24
1896.1,662.6
1896.11,690
1896.12,667.15
1897.01,689.22
1897.02,685.13
1897.03,689.23
1897.04,680.32
1897.05,696.58
1897.06,731.58
1897.07,766.7
1897.08,783.52
1897.09,800.72
1897.1,788.52
1897.11,763.16
1897.12,782.03
1898.01,805.93
1898.02,795.44
1898.03,762.02
1898.04,751.46
1898.05,750.52
1898.06,837.33
1898.07,855.33
1898.08,890.03
1898.09,891.09
1898.1,875.23
1898.11,906.93
1898.12,952.42
1899.01,1027.72
1899.02,1040.14
1899.03,1057.76
1899.04,1059.27
1899.05,1017.92
1899.06,984.47
1899.07,1007.87
1899.08,1022.85
1899.09,976.44
1899.1,962.47
1899.11,971.34
1899.12,896.87
1900.01,911.49
1900.02,919.65
1900.03,929.93
1900.04,944.78
1900.05,925.18
1900.06,911.98
1900.07,904.22
1900.08,931.4
1900.09,901.94
1900.1,949.87
1900.11,1028.01
1900.12,1107.51
1901.01,1129.69
1901.02,1177.02
1901.03,1223.36
1901.04,1346.98
1901.05,1283.39
1901.06,1415.52
1901.07,1308.36
1901.08,1314.39
1901.09,1296.14
1901.1,1285.83
1901.11,1301.9
1901.12,1269.95
1902.01,1317.06
1902.02,1332.76
1902.03,1338.76
1902.04,1372.34
1902.05,1357.31
1902.06,1337.9
1902.07,1372.44
1902.08,1430.12
1902.09,1421.06
1902.1,1290.46
1902.11,1286.87
1902.12,1247.47
1903.01,1300.84
1903.02,1297.42
1903.03,1293.45
1903.04,1245.12
1903.05,1254.06
1903.06,1189.43
1903.07,1139.48
1903.08,1107.64
1903.09,1073.23
1903.1,1055.32
1903.11,1076.1
1903.12,1130.79
1904.01,1128.15
1904.02,1077.81
1904.03,1091.45
1904.04,1136.03
1904.05,1143.11
1904.06,1149.71
1904.07,1202.2
1904.08,1233.25
1904.09,1277.62
1904.1,1357.28
1904.11,1403.16
1904.12,1421.33
1905.01,1456.82
1905.02,1525.27
1905.03,1591.02
1905.04,1576.32
1905.05,1520.7
1905.06,1543.36
1905.07,1596.63
1905.08,1642
1905.09,1671.18
1905.1,1699.65
1905.11,1676.27
1905.12,1703.29
1906.01,1767.2
1906.02,1759.77
1906.03,1721.87
1906.04,1703.76
1906.05,1645.51
1906.06,1672.47
1906.07,1691.23
1906.08,1781.22
1906.09,1821.51
1906.1,1734.35
1906.11,1756.78
1906.12,1728.16
1907.01,1703.01
1907.02,1620.75
1907.03,1483.07
1907.04,1496.29
1907.05,1420.53
1907.06,1366.84
1907.07,1425.3
1907.08,1324.71
1907.09,1316.94
1907.1,1168.1
1907.11,1152.95
1907.12,1245.23
1908.01,1319.55
1908.02,1292.55
1908.03,1352.44
1908.04,1416.54
1908.05,1499.75
1908.06,1508.59
1908.07,1553.66
1908.08,1627.12
1908.09,1616.12
1908.1,1624.95
1908.11,1723.06
1908.12,1749.97
1909.01,1781.05
1909.02,1718.31
1909.03,1748.42
1909.04,1795.77
1909.05,1843.19
1909.06,1863.41
1909.07,1896.74
1909.08,1929.82
1909.09,1919.33
1909.1,1896.11
1909.11,1875.38
1909.12,1886.1
1910.01,1870.38
1910.02,1810.46
1910.03,1826.99
1910.04,1773.11
1910.05,1784.14
1910.06,1721.77
1910.07,1641.95
1910.08,1705.55
1910.09,1741.45
1910.1,1884.58
1910.11,1929.42
1910.12,1883.66
1911.01,1937.6
1911.02,2042.39
1911.03,2005.71
1911.04,2070.92
1911.05,2124.29
1911.06,2175.65
1911.07,2152.08
1911.08,1993.71
1911.09,1874.01
1911.1,1893.28
1911.11,1998.36
1911.12,2037.03
1912.01,2026.7
1912.02,1996.87
1912.03,2021.31
1912.04,2031.37
1912.05,2037.62
1912.06,2066.3
1912.07,2077.01
1912.08,2112.34
1912.09,2110.98
1912.1,2115.23
1912.11,2100.17
1912.12,2053.19
1913.01,2024.58
1913.02,1961.45
1913.03,1933.02
1913.04,1939.61
1913.05,1915.02
1913.06,1809.02
1913.07,1823.83
1913.08,1881.45
1913.09,1889.08
1913.1,1838.15
1913.11,1782.49
1913.12,1807.02
1914.01,1890.09
1914.02,1943.21
1914.03,1915.42
1914.04,1897.37
1914.05,1898.54
1914.06,1897.96
1914.07,1783.55
1914.08,1756.92
1914.09,1765.22
1914.1,1791.01
1914.11,1781.63
1914.12,1730.16
1915.01,1769.01
1915.02,1771.21
1915.03,1843.7
1915.04,1971.2
1915.05,1914.61
1915.06,1944.81
1915.07,1946.14
1915.08,2037.39
1915.09,2121.72
1915.1,2226.02
1915.11,2290.22
1915.12,2303.73
1916.01,2254.32
1916.02,2232.01
1916.03,2212.8
1916.04,2177.45
1916.05,2214.26
1916.06,2224.82
1916.07,2203.94
1916.08,2210.47
1916.09,2269.59
1916.1,2308.85
1916.11,2331.38
1916.12,2229.03
1917.01,2168.84
1917.02,2006.01
1917.03,2079.18
1917.04,1961.09
1917.05,1875.96
1917.06,1895.49
1917.07,1883.15
1917.08,1810.7
1917.09,1696.16
1917.1,1591.94
1917.11,1471.01
1917.12,1411.96
1918.01,1476.53
1918.02,1522.14
1918.03,1513.41
1918.04,1488.85
1918.05,1515.34
1918.06,1507.28
1918.07,1489.35
1918.08,1483.83
1918.09,1457.4
1918.1,1500.09
1918.11,1519
1918.12,1479.65
1919.01,1479.13
1919.02,1521.29
1919.03,1557.4
1919.04,1589.02
1919.05,1687.39
1919.06,1741.16
1919.07,1754.58
1919.08,1616.97
1919.09,1641.42
1919.1,1704.64
1919.11,1626.3
1919.12,1552.76
1920.01,1512.75
1920.02,1380.89
1920.03,1470.44
1920.04,1422.64
1920.05,1320.98
1920.06,1286.4
1920.07,1298
1920.08,1285.09
1920.09,1358.07
1920.1,1374.05
1920.11,1318.36
1920.12,1232.67
1921.01,1321.85
1921.02,1363.38
1921.03,1343.93
1921.04,1372.83
1921.05,1454.8
1921.06,1354.24
1921.07,1350.72
1921.08,1342.39
1921.09,1399.7
1921.1,1427.02
1921.11,1520.62
1921.12,1591.87
1922.01,1635.94
1922.02,1680.55
1922.03,1773.48
1922.04,1890.28
1922.05,1973.18
1922.06,1964.02
1922.07,1975.61
1922.08,2084.26
1922.09,2148.33
1922.1,2192.46
1922.11,2081.07
1922.12,2074.04
1923.01,2125.04
1923.02,2225.98
1923.03,2272.26
1923.04,2190.08
1923.05,2096.99
1923.06,2015.72
1923.07,1935.78
1923.08,1967.3
1923.09,1978.5
1923.1,1948.7
1923.11,2017.62
1923.12,2096.71
1924.01,2176.24
1924.02,2209.82
1924.03,2191.32
1924.04,2164.87
1924.05,2168.65
1924.06,2221.14
1924.07,2322.05
1924.08,2427.6
1924.09,2401.89
1924.1,2368.71
1924.11,2512.88
1924.12,2644.99
1925.01,2766.36
1925.02,2818.35
1925.03,2740.83
1925.04,2740.11
1925.05,2824.33
1925.06,2854.66
1925.07,2913.42
1925.08,2965.55
1925.09,3046.99
1925.1,3160.64
1925.11,3217.66
1925.12,3301.61
1926.01,3365.37
1926.02,3384.33
1926.03,3186.27
1926.04,3094.02
1926.05,3147.48
1926.06,3330.58
1926.07,3525.63
1926.08,3701.84
1926.09,3752.39
1926.1,3662.8
1926.11,3705.57
1926.12,3806
1927.01,3840.39
1927.02,3954.29
1927.03,4055.52
1927.04,4172.4
1927.05,4309.06
1927.06,4332.79
1927.07,4523.79
1927.08,4810.76
1927.09,5073.12
1927.1,4985.33
1927.11,5147.49
1927.12,5287.55
1928.01,5328.35
1928.02,5346.16
1928.03,5653.55
1928.04,6030.36
1928.05,6201.41
1928.06,5953.08
1928.07,6018.2
1928.08,6234.5
1928.09,6617.02
1928.1,6812.6
1928.11,7295.25
1928.12,7389.09
1929.01,7957.76
1929.02,8022.59
1929.03,8235.54
1929.04,8259.57
1929.05,8358.77
1929.06,8493.13
1929.07,9167.56
1929.08,9713.97
1929.09,10126.52
1929.1,9081.25
1929.11,6703.06
1929.12,7037.14
1930.01,7207.59
1930.02,7731.2
1930.03,8097.54
1930.04,8588.29
1930.05,8150.88
1930.06,7398.38
1930.07,7355.76
1930.08,7334.07
1930.09,7314.94
1930.1,6375.28
1930.11,5978.04
1930.12,5712.66
1931.01,5989.85
1931.02,6559.44
1931.03,6758.21
1931.04,6183.8
1931.05,5690.35
1931.06,5610.81
1931.07,5826.79
1931.08,5681.53
1931.09,4897.16
1931.1,4300.98
1931.11,4448.58
1931.12,3667.88
1932.01,3712.04
1932.02,3761.92
1932.03,3830.99
1932.04,2961.39
1932.05,2663.6
1932.06,2349.61
1932.07,2493.83
1932.08,3801.33
1932.09,4225.55
1932.1,3693.51
1932.11,3707.85
1932.12,3636.34
1933.01,3861.25
1933.02,3479.97
1933.03,3519.05
1933.04,3914.45
1933.05,5061.84
1933.06,5904.75
1933.07,6208.6
1933.08,5875.35
1933.09,5846.67
1933.1,5298.2
1933.11,5446.37
1933.12,5572.6
1934.01,5911.72
1934.02,6321.97
1934.03,6018.64
1934.04,6140.22
1934.05,5536.89
1934.06,5589.17
1934.07,5345.78
1934.08,5157.93
1934.09,4980.04
1934.1,5077.58
1934.11,5240.65
1934.12,5335.72
1935.01,5278.54
1935.02,5102.79
1935.03,4800.2
1935.04,5143.49
1935.05,5568.48
1935.06,5843.07
1935.07,6170.26
1935.08,6608.64
1935.09,6769.45
1935.1,6972.07
1935.11,7594.15
1935.12,7616.96
1936.01,8060.9
1936.02,8547.62
1936.03,8818.11
1936.04,8855.52
1936.05,8411.82
1936.06,8733.64
1936.07,9212.36
1936.08,9357.69
1936.09,9493.8
1936.1,10022.55
1936.11,10335.24
1936.12,10192.35
1937.01,10470.55
1937.02,10816.79
1937.03,10765.82
1937.04,10090.71
1937.05,9612.68
1937.06,9293.24
1937.07,9818.11
1937.08,9958.01
1937.09,8527.54
1937.1,7325.85
1937.11,6767.18
1937.12,6745.22
1938.01,7061.27
1938.02,6982.8
1938.03,6562.19
1938.04,6290.91
1938.05,6433.4
1938.06,6621.42
1938.07,7976.47
1938.08,8059.37
1938.09,7728.75
1938.1,8685.46
1938.11,8723.14
1938.12,8497.89
1939.01,8399.3
1939.02,8421.19
1939.03,8443.83
1939.04,7464.1
1939.05,7770.03
1939.06,7938.97
1939.07,8164.71
1939.08,8078.13
1939.09,8780.93
1939.1,8967.15
1939.11,8842.03
1939.12,8668.72
1940.01,8718.34
1940.02,8636.52
1940.03,8624.15
1940.04,8746.99
1940.05,7580.45
1940.06,6917.84
1940.07,7237.24
1940.08,7429.42
1940.09,7783.29
1940.1,7897.39
1940.11,8122.49
1940.12,7775.36
1941.01,7831.56
1941.02,7383.48
1941.03,7417.97
1941.04,7178.76
1941.05,7015.93
1941.06,7155.16
1941.07,7564.07
1941.08,7468.4
1941.09,7433.24
1941.1,7084.33
1941.11,6751.13
1941.12,6313.26
1942.01,6395.5
1942.02,6197.07
1942.03,5827.78
1942.04,5590.98
1942.05,5625.1
1942.06,5947.85
1942.07,6169.82
1942.08,6134.4
1942.09,6235.57
1942.1,6651.23
1942.11,6753.52
1942.12,6783.86
1943.01,7225.08
1943.02,7689.92
1943.03,7859.13
1943.04,8062.96
1943.05,8366.7
1943.06,8549.06
1943.07,8810.98
1943.08,8459.88
1943.09,8626.19
1943.1,8583.23
1943.11,8222.38
1943.12,8368.13
1944.01,8675.09
1944.02,8654.15
1944.03,8934.77
1944.04,8767.68
1944.05,8961.04
1944.06,9368.52
1944.07,9597.02
1944.08,9495.93
1944.09,9379.79
1944.1,9650.27
1944.11,9622.86
1944.12,9817.59
1945.01,10150.05
1945.02,10529.19
1945.03,10562.55
1945.04,10869.01
1945.05,11258
1945.06,11377.14
1945.07,11184.46
1945.08,11263.71
1945.09,12072.6
1945.1,12617.54
1945.11,13072.54
1945.12,13263.93
1946.01,13834.56
1946.02,13992.91
1946.03,13469.79
1946.04,14303.44
1946.05,14299.83
1946.06,14098.97
1946.07,12976.67
1946.08,12513.39
1946.09,10603.86
1946.1,10205.62
1946.11,9965.12
1946.12,10207.88
1947.01,10301.96
1947.02,10742.03
1947.03,10158.7
1947.04,9824.4
1947.05,9691.31
1947.06,10026.24
1947.07,10601.55
1947.08,10297.69
1947.09,9856.08
1947.1,10155.31
1947.11,10038.45
1947.12,9799.43
1948.01,9591.88
1948.02,9243.36
1948.03,9461.16
1948.04,10063.78
1948.05,10555.84
1948.06,10948.43
1948.07,10602.55
1948.08,10296.87
1948.09,10227.43
1948.1,10597.86
1948.11,10141.49
1948.12,10168.59
1949.01,10378.27
1949.02,10118.18
1949.03,10270.03
1949.04,10270.12
1949.05,10295.19
1949.06,9749.22
1949.07,10447.67
1949.08,10838.04
1949.09,10995.05
1949.1,11438.18
1949.11,11613.92
1949.12,12094.03
1950.01,12465.53
1950.02,12780.62
1950.03,12902.09
1950.04,13339.6
1950.05,13803.9
1950.06,14044.07
1950.07,12939.41
1950.08,13687.38
1950.09,14194.01
1950.1,14746.18
1950.11,14744.58
1950.12,14598.87
1951.01,15521.32
1951.02,16002.11
1951.03,15763.78
1951.04,16068.25
1951.05,16107.63
1951.06,15924
1951.07,16300.04
1951.08,17108.56
1951.09,17509.01
1951.1,17444.86
1951.11,16920.32
1951.12,17463.26
1952.01,18132.97
1952.02,18027.7
1952.03,18163.07
1952.04,18131.63
1952.05,18215.64
1952.06,18736.38
1952.07,19222.13
1952.08,19391.38
1952.09,19176.4
1952.1,18866.63
1952.11,19557.69
1952.12,20438.69
1953.01,20718.4
1953.02,20635.72
1953.03,20754.9
1953.04,19826.78
1953.05,19950.81
1953.06,19258.9
1953.07,19627.46
1953.08,19730.26
1953.09,18919.96
1953.1,19513.46
1953.11,20117.12
1953.12,20487.3
1954.01,21107.27
1954.02,21672.63
1954.03,22232.77
1954.04,23308.42
1954.05,24248.3
1954.06,24544.4
1954.07,25638.89
1954.08,26253.22
1954.09,27073.63
1954.1,27809.18
1954.11,29007.26
1954.12,30559.8
1955.01,31222.98
1955.02,32380.2
1955.03,32239.38
1955.04,33467.37
1955.05,33441.27
1955.06,35496.52
1955.07,38068.58
1955.08,37955.87
1955.09,39637.33
1955.1,37765.02
1955.11,40434.05
1955.12,41087.53
1956.01,40108.72
1956.02,40491.79
1956.03,43411.94
1956.04,43893.64
1956.05,42491.54
1956.06,42070.35
1956.07,44165.18
1956.08,44201.76
1956.09,42681.11
1956.1,42117.86
1956.11,41815.25
1956.12,42414.89
1957.01,41624.61
1957.02,39816.87
1957.03,40316.32
1957.04,41233.97
1957.05,42795.99
1957.06,43477.03
1957.07,44172.98
1957.08,41874.48
1957.09,40309.37
1957.1,37933.24
1957.11,37119.88
1957.12,37238.7
1958.01,37838.9
1958.02,38103.97
1958.03,38754.16
1958.04,38965.26
1958.05,40350.56
1958.06,41453.2
1958.07,42578.79
1958.08,44458.37
1958.09,45767.11
1958.1,47762.62
1958.11,49181.66
1958.12,50419.57
1959.01,52384.03
1959.02,51900.84
1959.03,53357.8
1959.04,54204.01
1959.05,55161.46
1959.06,54639.16
1959.07,56754.57
1959.08,56574.33
1959.09,54293.84
1959.1,54205.33
1959.11,54568.54
1959.12,56458.85
1960.01,55812.76
1960.02,53618.28
1960.03,53043.13
1960.04,53701.09
1960.05,53365.98
1960.06,55307.05
1960.07,54092.43
1960.08,54898.88
1960.09,53405.22
1960.1,52158.81
1960.11,54005.67
1960.12,55458.77
1961.01,58468.21
1961.02,61025.41
1961.03,63098.2
1961.04,64940.04
1961.05,65760.46
1961.06,65050.12
1961.07,64598.95
1961.08,67303.77
1961.09,66716.6
1961.1,67614.29
1961.11,70842.54
1961.12,71668.11
1962.01,69169.51
1962.02,70256.66
1962.03,70496.79
1962.04,68194.69
1962.05,63295.41
1962.06,56072.22
1962.07,57406.38
1962.08,59142.35
1962.09,58598.61
1962.1,56926.24
1962.11,61026.83
1962.12,63849.98
1963.01,66498.22
1963.02,67559.79
1963.03,67265.93
1963.04,70615.97
1963.05,72220.07
1963.06,72141.42
1963.07,71028.1
1963.08,73181.35
1963.09,75299.22
1963.1,75431.94
1963.11,75202.69
1963.12,76755.37
1964.01,79312.91
1964.02,80488.1
1964.03,82156.49
1964.04,83548.93
1964.05,84569.98
1964.06,84003.03
1964.07,87051.35
1964.08,86263.51
1964.09,87677.89
1964.1,89407.06
1964.11,89957.26
1964.12,88618.36
1965.01,91119.57
1965.02,92009.51
1965.03,92024.79
1965.04,93162.33
1965.05,94778.22
1965.06,89935.16
1965.07,90029.17
1965.08,91937.99
1965.09,95245.65
1965.1,97317.59
1965.11,98366.47
1965.12,97851.42
1966.01,99791.09
1966.02,98742.34
1966.03,94634.62
1966.04,97173.43
1966.05,92308.86
1966.06,91510.54
1966.07,91247.52
1966.08,85458.9
1966.09,82704.76
1966.1,81737.45
1966.11,86082.07
1966.12,86697.65
1967.01,90279.41
1967.02,93647.74
1967.03,95823.81
1967.04,97437.8
1967.05,99143.24
1967.06,97865.13
1967.07,99516.76
1967.08,101057.49
1967.09,102423.74
1967.1,102219.29
1967.11,98979.89
1967.12,101758.82
1968.01,101145.19
1968.02,96557.19
1968.03,94775.41
1968.04,101741.4
1968.05,104042.37
1968.06,106485.8
1968.07,105928.54
1968.08,103584.33
1968.09,106913.45
1968.1,109197.44
1968.11,110834.63
1968.12,111944.15
1969.01,107181.98
1969.02,106329.8
1969.03,103429.02
1969.04,105199.3
1969.05,108597.17
1969.06,102635.39
1969.07,97785.46
1969.08,96981.63
1969.09,97328.7
1969.1,98110.54
1969.11,98560.97
1969.12,93109.53
1970.01,92316.5
1970.02,88895.91
1970.03,90210.23
1970.04,87048.18
1970.05,77099.66
1970.06,76495.51
1970.07,76501.19
1970.08,78992.18
1970.09,83557.29
1970.1,85201.35
1970.11,84944.92
1970.12,90566.76
1971.01,94288.83
1971.02,97955.87
1971.03,100477.16
1971.04,103908.5
1971.05,102247.08
1971.06,99871.62
1971.07,99164.73
1971.08,97420.65
1971.09,99842.64
1971.1,97741.77
1971.11,93468.4
1971.12,99676.13
1972.01,104084.35
1972.02,105741.99
1972.03,108249.92
1972.04,109348.55
1972.05,108239.31
1972.06,108537.02
1972.07,107474.96
1972.08,111276.17
1972.09,109668.38
1972.1,109607.42
1972.11,115096.27
1972.12,117481.6
1973.01,118365.97
1973.02,113630.5
1973.03,111066.74
1973.04,108502.3
1973.05,104992.99
1973.06,102206.76
1973.07,103211.55
1973.08,99724.08
1973.09,101490.16
1973.1,104863.54
1973.11,97041.87
1973.12,89853.52
1974.01,90598.59
1974.02,87236.57
1974.03,90083.75
1974.04,85389.01
1974.05,82054.52
1974.06,81758.31
1974.07,71896.69
1974.08,68361.91
1974.09,60789.2
1974.1,61625.42
1974.11,63436.02
1974.12,59112.72
1975.01,63970.98
1975.02,70346.29
1975.03,73566.52
1975.04,74379.18
1975.05,78925.37
1975.06,80604.88
1975.07,80056.93
1975.08,74318.83
1975.09,73280.26
1975.1,76502.15
1975.11,77498.72
1975.12,76307.82
1976.01,83441.52
1976.02,86616.49
1976.03,87155.55
1976.04,87797.85
1976.05,86843.81
1976.06,87164.76
1976.07,89019.97
1976.08,88060.38
1976.09,89896.1
1976.1,86655.34
1976.11,86193.48
1976.12,89154.5
1977.01,88224.07
1977.02,85263.2
1977.03,84647.38
1977.04,82943.93
1977.05,82588.44
1977.06,82786.33
1977.07,83438.88
1977.08,81440.72
1977.09,80224.59
1977.1,78210.54
1977.11,78599.05
1977.12,78287.05
1978.01,75151.78
1978.02,73951.04
1978.03,73565.72
1978.04,76518.01
1978.05,79981.33
1978.06,79658.05
1978.07,79005.06
1978.08,84411.71
1978.09,84114.34
1978.1,81051.27
1978.11,76303.95
1978.12,77427.63
1979.01,79962.45
1979.02,78204.17
1979.03,79235.26
1979.04,80244.76
1979.05,77737.77
1979.06,78739.22
1979.07,78987.64
1979.08,82165.17
1979.09,82539.76
1979.1,79139.05
1979.11,78159.27
1979.12,80753.18
1980.01,82251.6
1980.02,84673.17
1980.03,76086.56
1980.04,74369.61
1980.05,77353.78
1980.06,81765.5
1980.07,85831.38
1980.08,88202.17
1980.09,89950.11
1980.1,92065.7
1980.11,95527.47
1980.12,93465.59
1981.01,92725.14
1981.02,88960.36
1981.03,92020.44
1981.04,92585.41
1981.05,90380.1
1981.06,90352.37
1981.07,87566.59
1981.08,87602.36
1981.09,79555.72
1981.1,80758.6
1981.11,82952.29
1981.12,83664.8
1982.01,79393.75
1982.02,77628.96
1982.03,75579.99
1982.04,79379.41
1982.05,79083.3
1982.06,73990.01
1982.07,73790.82
1982.08,74225.19
1982.09,83034.52
1982.1,90133.33
1982.11,94381.85
1982.12,96053.63
1983.01,99621.08
1983.02,101639.87
1983.03,105569.64
1983.04,109220.45
1983.05,113363.11
1983.06,115003.72
1983.07,115355.51
1983.08,112242.78
1983.09,115387.68
1983.1,115792.07
1983.11,114245.89
1983.12,113988.61
1984.01,115104.96
1984.02,108689
1984.03,108958.72
1984.04,108982.75
1984.05,108394.58
1984.06,106085.82
1984.07,104719.5
1984.08,113924.17
1984.09,114978.26
1984.1,114180.74
1984.11,115651.88
1984.12,114836.47
1985.01,120005.58
1985.02,126354.43
1985.03,125279.82
1985.04,125973.15
1985.05,128938.4
1985.06,131809.03
1985.07,134522.96
1985.08,131798.01
1985.09,128957.36
1985.1,130405.52
1985.11,138397.43
1985.12,145326.09
1986.01,146020.1
1986.02,154765.19
1986.03,165091.54
1986.04,169931.36
1986.05,170298.28
1986.06,174673.33
1986.07,171524.95
1986.08,175119.91
1986.09,170046.08
1986.1,169740.22
1986.11,175578.86
1986.12,178418.78
1987.01,189128.43
1987.02,200629.18
1987.03,208476.69
1987.04,205594.42
1987.05,205224.91
1987.06,213704.58
1987.07,219798.44
1987.08,232759.8
1987.09,224531.33
1987.1,197403.61
1987.11,172969.15
1987.12,170663.48
1988.01,177452.21
1988.02,182887.37
1988.03,187990.85
1988.04,185375.98
1988.05,180707.67
1988.06,190740.71
1988.07,189357.42
1988.08,185325.87
1988.09,187640.46
1988.1,194130.9
1988.11,190056.11
1988.12,194160.36
1989.01,199988.46
1989.02,205743.17
1989.03,204241.45
1989.04,210152.04
1989.05,217569.41
1989.06,224417.1
1989.07,230147.89
1989.08,240563.94
1989.09,240897.05
1989.1,240436.39
1989.11,235520.71
1989.12,241590.32
1990.01,233842.09
1990.02,226869.18
1990.03,231748.68
1990.04,231849.24
1990.05,240225.14
1990.06,246510.69
1990.07,245986.05
1990.08,224585.02
1990.09,213057.41
1990.1,206881.72
1990.11,212581.84
1990.12,222336.44
1991.01,219501.58
1991.02,244615.54
1991.03,251689.54
1991.04,256995.17
1991.05,255779.28
1991.06,255912.52
1991.07,257533.59
1991.08,263660.86
1991.09,261714.6
1991.1,261806.84
1991.11,261086.62
1991.12,263335.54
1992.01,282304.66
1992.02,279598.4
1992.03,275379.27
1992.04,275711.25
1992.05,281011.04
1992.06,276287.2
1992.07,280970.27
1992.08,282812.39
1992.09,283080.19
1992.1,278746.91
1992.11,286028.08
1992.12,295593.17
1993.01,294563.77
1993.02,298597.69
1993.03,303957.82
1993.04,299047.23
1993.05,300797.48
1993.06,302980.45
1993.07,303165.28
1993.08,307656.23
1993.09,311180.18
1993.1,313748.5
1993.11,313558.09
1993.12,316341.04
1994.01,320954.26
1994.02,319620.65
1994.03,314002.07
1994.04,303085.01
1994.05,306087.18
1994.06,308435.81
1994.07,306010.06
1994.08,314172.98
1994.09,315894.32
1994.1,314286.63
1994.11,312710.5
1994.12,309507.15
1995.01,315828.43
1995.02,326586.48
1995.03,333834.41
1995.04,343438.95
1995.05,354240.42
1995.06,364783.66
1995.07,377728.79
1995.08,378677.71
1995.09,391990.52
1995.1,394284.81
1995.11,403850.27
1995.12,417813.28
1996.01,416058.98
1996.02,439208.27
1996.03,436080.42
1996.04,435265.54
1996.05,444664.97
1996.06,450066.21
1996.07,433596.54
1996.08,446087.8
1996.09,453680.6
1996.1,470882.42
1996.11,493740.56
1996.12,499661.17
1997.01,514319.38
1997.02,535071.12
1997.03,530407.6
1997.04,511708.13
1997.05,559227.47
1997.06,588339.36
1997.07,621314.04
1997.08,622314.87
1997.09,628173.46
1997.1,636931.97
1997.11,629987.24
1997.12,647389.88
1998.01,647722.87
1998.02,687916.85
1998.03,723127.28
1998.04,746380.32
1998.05,743357.66
1998.06,743315.78
1998.07,775576.74
1998.08,720631.83
1998.09,684497.39
1998.1,691643.7
1998.11,767548.26
1998.12,799537.71
1999.01,837855.74
1999.02,836283.47
1999.03,858128.66
1999.04,888140.12
1999.05,887262.35
1999.06,881834.37
1999.07,918953.26
1999.08,882155.18
1999.09,872705.13
1999.1,860064.38
1999.11,920633.7
1999.12,946492.74
2000.01,942568.08
2000.02,913798.3
2000.03,942044.79
2000.04,954906.92
2000.05,926716.01
2000.06,951040.51
2000.07,956901.1
2000.08,965886.89
2000.09,950501.84
2000.1,899385.71
2000.11,891923.34
2000.12,862804.97
2001.01,861280.52
2001.02,839519.81
2001.03,761554.09
2001.04,761939.14
2001.05,810684.31
2001.06,789981.24
2001.07,771132.94
2001.08,755357.68
2001.09,667393.07
2001.1,690968.27
2001.11,727111.44
2001.12,740693.95
2002.01,736820.84
2002.02,709313.15
2002.03,740227.17
2002.04,710245.62
2002.05,690219.56
2002.06,648996.5
2002.07,578526.78
2002.08,583167.91
2002.09,554497.51
2002.1,546017.09
2002.11,582198.66
2002.12,577451.37
2003.01,573632.32
2003.02,532732.71
2003.03,536479.98
2003.04,566065.91
2003.05,597110.26
2003.06,630482.47
2003.07,633557.19
2003.08,630112.41
2003.09,647932.88
2003.1,661800.66
2003.11,671641.73
2003.12,692984.98
2004.01,723660.86
2004.02,727607.03
2004.03,711643.37
2004.04,716250.03
2004.05,693834.08
2004.06,711414.48
2004.07,696598.88
2004.08,686580.38
2004.09,704208.69
2004.1,701243.37
2004.11,734340.21
2004.12,757148.73
2005.01,745380.23
2005.02,753578.64
2005.03,745833.47
2005.04,723016.59
2005.05,733441.02
2005.06,749061.93
2005.07,759100.21
2005.08,757585.77
2005.09,750542.35
2005.1,729391.64
2005.11,764439.62
2005.12,784017.24
2006.01,789509.03
2006.02,787798.16
2006.03,795113.79
2006.04,794710.89
2006.05,784576.92
2006.06,761854.15
2006.07,765088.49
2006.08,781098.28
2006.09,804827.53
2006.1,838488.4
2006.11,856558.64
2006.12,873672.4
2007.01,877058.65
2007.02,886325.19
2007.03,856608.85
2007.04,886668.88
2007.05,911185.94
2007.06,912571.48
2007.07,918062.39
2007.08,881123.08
2007.09,905732.87
2007.1,930850.4
2007.11,880891.29
2007.12,892409.89
2008.01,829085.25
2008.02,813764.9
2008.03,785590.11
2008.04,813999.07
2008.05,827893.81
2008.06,784834.57
2008.07,733280.43
2008.08,751759.53
2008.09,716310.67
2008.1,577487.74
2008.11,538091.3
2008.12,541797.17
2009.01,533519.99
2009.02,495278.45
2009.03,465957.4
2009.04,522039.76
2009.05,555174.35
2009.06,566209.32
2009.07,574325.39
2009.08,619546.53
2009.09,641731.91
2009.1,656495.72
2009.11,669745.42
2009.12,685835.41
2010.01,692765.72
2010.02,672509.76
2010.03,709554.87
2010.04,737282.8
2010.05,693377.79
2010.06,669463.48
2010.07,668262.83
2010.08,673110.02
2010.09,695402.39
2010.1,726336.1
2010.11,744122.04
2010.12,770439.37
2011.01,793346.64
2011.02,814340.13
2011.03,797516.26
2011.04,810028.3
2011.05,811565.9
2011.06,782695.06
2011.07,806271.98
2011.08,720442
2011.09,713686.42
2011.1,736772.78
2011.11,750446.7
2011.12,764019.99
2012.01,797068.14
2012.02,826623.03
2012.03,844066.8
2012.04,841219.3
2012.05,816191.74
2012.06,807987.09
2012.07,832968.19
2012.08,856442.03
2012.09,878418.41
2012.1,876880.16
2012.11,856083.05
2012.12,877097.83
2013.01,911857.14
2013.02,925565.27
2013.03,948298.64
2013.04,963105.92
2013.05,1005390.73
2013.06,991792.47
2013.07,1023686.03
2013.08,1025057.31
2013.09,1036095.06
2013.1,1060776.76
2013.11,1103987.6
2013.12,1120892.88
2014.01,1127567.5
2014.02,1121973.61
2014.03,1145163.12
2014.04,1143722.25
2014.05,1157222.34
2014.06,1192010.73
2014.07,1210332.23
2014.08,1207200.27
2014.09,1227759.7
2014.1,1198292.71
2014.11,1273555.91
2014.12,1288953.76
2015.01,1280696.48
2015.02,1311236.14
2015.03,1304223.67
2015.04,1313027.08
2015.05,1319172.42
2015.06,1308858.8
2015.07,1307742.21
2015.08,1277860.5
2015.09,1222182.14
2015.1,1275534.16
2015.11,1315731.3
2015.12,1305696.33
2016.01,1219867.65
2016.02,1212170.43
2016.03,1283778.25
2016.04,1313906.26
2016.05,1304639.09
2016.06,1314246.65
2016.07,1359793.44
2016.08,1374848.18
2016.09,1365544.38
2016.1,1356954.98
2016.11,1375405.36
2016.12,1429222.37
2017.01,1441381.41
2017.02,1473892.74
2017.03,1498468.9
2017.04,1491752.13
2017.05,1515717.38
2017.06,1541259.68
2017.07,1557576.86
2017.08,1556791.63
2017.09,1574210.91
2017.1,1618298.58
2017.11,1643995.93
2017.12,1692408.56
2018.01,1765094.83
2018.02,1706422.79
2018.03,1703691.25
2018.04,1668726.3
2018.05,1694430.69
2018.06,1727497.33
2018.07,1754709.75
2018.08,1796739.65
2018.09,1824823.43
2018.1,1751516.34
2018.11,1720941.63
2018.12,1630446.38
2019.01,1655609.41
2019.02,1744759.07
2019.03,1768789.92
2019.04,1825002.39
2019.05,1793249.67
2019.06,1818098.11
2019.07,1884553.96
2019.08,1825596.7
2019.09,1880467.26
2019.1,1876379.7
2019.11,1960641.84
2019.12,2010903.71
2020.01,2070188.26
2020.02,2067073.94
2020.03,1679710.2
2020.04,1764048.24
2020.05,1867869.54
2020.06,1978610.29
2020.07,2037076.66
2020.08,2150336.77
2020.09,2133867.55
2020.1,2169787.74
2020.11,2256951.77
2020.12,2350876.34
2021.01,2403277.71
2021.02,2454891.69
2021.03,2444001.39
